episode,return_p1
0,-10.4
1,-0.9999999999999999
2,-10.2
3,-0.9999999999999999
4,-0.9999999999999999
5,9.3
6,9.6
7,9.9
8,-0.9999999999999999
9,-10.7
10,9.7
11,-0.9999999999999999
12,-0.9999999999999999
13,9.9
14,9.7
15,9.9
16,9.8
17,-10.9
18,-10.6
19,-10.6
20,-0.9999999999999999
21,9.9
22,9.6
23,-0.9999999999999999
24,-0.9999999999999999
25,-10.6
26,-0.9999999999999999
27,9.7
28,9.9
29,9.9
